,id,name,addr,lat,lng
0,0,강화도맛집 숯불생선구이,인천광역시 강화군 길상면 해안동로 14-6,37.6282482,126.5325893
1,1,등나무가든,인천광역시 강화군 길상면 초지리 622-1,37.6341853,126.5312613
2,2,등대숯불장어,인천광역시 강화군 길상면 초지로 142,37.6279993,126.5328668
3,3,강나루숯불장어,인천광역시 강화군 길상면 초지리 1251-573,37.6206539,126.533254
4,4,강화맛집,길상면 온수리 412-2번지 강화군 인천광역시 KR,37.6383857,126.4812836
5,5,토가,인천광역시 강화군 화도면 흥왕리 566-1,37.6084833,126.4174884
6,6,진복호 강화도,인천광역시 강화군 길상면 선두리 1069-4,37.5974971,126.5097444
7,7,강화손칼국수 본점,인천광역시 강화군 양도면 강화남로 678,37.661241,126.4230149
8,8,강화원조칼국수,인천광역시 강화군 화도면 해안남로 1367,37.5961955,126.462182
9,9,칼국수맛있는집,인천광역시 강화군 화도면 해안남로 1367,37.5962335,126.4623356
10,10,선창장어구이,인천광역시 강화군 선원면 해안동로 1199,37.7222566,126.5134067
11,11,일미산장숯불장어,인천광역시 강화군 선원면 신정리 316,37.7238889,126.5127778
12,12,편가네 된장,인천광역시 강화군 화도면 가능포로89번길 11,37.6409331,126.4197167
13,13,충남서산집,인천광역시 강화군 내가면 중앙로 1200,37.7049966,126.3906834
14,14,강화섬약쑥한우,인천광역시 강화군 선원면 신정리 247-1,37.7263389,126.5099619
15,15,삼복호,인천광역시 강화군 길상면 해안남로619번길 24,37.5978888,126.4956237
16,16,강화해신탕,인천광역시 강화군 선원면 냉정리 571-1,37.7162373,126.471262
17,17,맛을담은강된장,인천광역시 강화군 화도면 해안남로 1164,37.6120246,126.4560559
18,18,꼬막한상,인천광역시 강화군 길상면 해안남로 334,37.6080844,126.5169379
19,19,마니산산채,인천광역시 강화군 화도면 사기리 391,37.6109883,126.4562903
20,20,강화도 해남회조개구이,인천광역시 강화군 KR 인천광역시 강화군 화도면 동막리 5-10번지,37.5926949,126.459031
21,21,매화마름,인천광역시 강화군 길상면 초지리 428-1,37.6353516,126.5199291
22,22,먹골촌,해안남로 1147 KR 인천광역시 강화군 사기리 234-2,37.6136041,126.4565122
23,24,애견동반레스토랑 농가의식탁,인천광역시 강화군 선원면 해안동로 1037-8,37.7088735,126.5143031
24,26,미리내바지락샤브칼국수,인천광역시 강화군 길상면 전등사로 42,37.6321889,126.491808
25,28,보광호 2호점,인천광역시 강화군 해안남로619번길 21,37.598351,126.4965459
26,30,버거히어로,인천광역시 강화군 화도면 내리 2127-7,37.6354199,126.3790673
27,32,학생분식,인천광역시 강화군 길상면 온수리 529-4,37.637768,126.4922114
28,34,우리옥,인천광역시 강화군 강화읍 남산길 12,37.7460999,126.4838687
29,36,대선정,인천광역시 강화군 길상면 온수리 510-5,37.6404872,126.4910018
30,38,외포왕꽃게탕,인천광역시 강화군 내가면 외포리 393-1,37.7048125,126.3894774
31,40,산당,인천광역시 강화군 내가면 해안서로 987,37.7034949,126.3697138
32,42,왕자정 묵밥,인천광역시 강화군 강화읍 북문길 55,37.7518622,126.483983
33,44,호산정,인천광역시 강화군 강화읍 고비고개로 248-5,37.7383027,126.4530739
34,46,푸른솔가든 본점,인천광역시 강화군 강화읍 강화대로440번길 6-1,37.7479141,126.4834412
35,48,용궁횟집,인천광역시 강화군 화도면 해안남로 2805,37.6398573,126.3874899
36,50,성안정,인천광역시 강화군 내가면 외포리 627-1,37.7025,126.3805556
37,52,일억조젓국갈비,인천광역시 강화군 강화읍 동문안길21번길 17,37.7476823,126.4851367
38,54,조양방직,인천광역시 강화군 강화읍 향나무길5번길 12,37.7467621,126.4802769
39,56,강화국수,인천광역시 강화군 강화읍 동문안길 12-1,37.7470784,126.4862056
40,58,강화집,인천광역시 강화군 강화읍 신문리 405-1,37.7461174,126.4862401
41,60,신아리랑,인천광역시 강화군 강화대로409번길 4-3,37.7470539,126.4847135
42,62,정통분식 - 쫄면,인천광역시 강화군 강화읍 동문안길21번길 11,37.7477396,126.4855042
43,64,시골식당,인천광역시 강화군 길상면 온수리 629-10,37.6339455,126.4906516
44,66,주연통삼겹,인천광역시 강화군 강화읍 갑곳리 202-11,37.74313,126.4913836
45,68,나룻터꽃게집,인천광역시 강화군 내가면 외포리 509,37.7037885,126.3831165
46,70,강화돌솥밥생선구이,인천광역시 강화군 길상면 초지리 19-118,37.6386812,126.5278334
47,72,강화꽃게집,인천광역시 강화군 내가면 외포리 396-1,37.7045352,126.3883289
48,74,"유진면옥(진주냉면, 육개장)",인천광역시 강화군 양도면 강화남로 606번길 1,37.6562036,126.4279309
49,76,강화도맛집,인천광역시 강화군 강화읍 관청리 488-2,37.7481193,126.4853147
50,78,강화도 서울횟집,인천광역시 강화군 내가면 해안서로 917-2,37.7001802,126.3750243
51,80,별미정숯불장어,인천광역시 강화군 선원면 신정리 324,37.7227468,126.5124493
52,82,오로라연어,인천광역시 강화군 선원면 연리 433-4,37.7086041,126.5125471
53,84,해명산 두부촌,인천광역시 강화군 삼산면 삼산남로 400-10,37.6680666,126.3556493
54,86,푸른언덕,인천광역시 강화군 송해면 하도리 343-7,37.760002,126.4662642
55,88,외포리꽃게집,인천광역시 강화군 내가면 외포리 390-1,37.7049797,126.3903287
56,90,개성손만두요리전문점 강화점,인천광역시 강화군 선원면 강화동로 1004,37.7178175,126.4754053
57,92,알미골,인천광역시 강화군 강화읍 갑곳리 197-1,37.7427636,126.4926878
58,94,안다미로한정식,인천광역시 강화군 선원면 선행리 178-2,37.7240551,126.4739902
59,96,연미정 할머니네,인천광역시 강화군 강화읍 해안북로 450,37.7721593,126.5103682
60,98,진두강참장어,인천광역시 강화군 내가면 황청리 852-1,37.7118861,126.3538096
61,100,장수촌,인천광역시 강화군 내가면 외포리 82-4,37.7033966,126.394995
62,102,도란도란,인천광역시 강화군 강화읍 고비고개로 248-18,37.7389982,126.4521167
63,104,흥부골숯불갈비,인천광역시 강화군 양도면 중앙로874번길 1,37.6967925,126.4234117
64,106,강화도 꽃게향,인천광역시 강화군 외포리 505번지 꽃게향,37.703914,126.3840896
65,108,솔향기,인천광역시 강화군 하점면 장정양오길 147,37.7831454,126.4352306
66,110,황금수라,인천광역시 강화군 양도면 인산리 788-2번지 1층,37.7012357,126.4105189
67,112,미락횟집,인천광역시 강화군 화도면 내리 1825-5,37.6396544,126.3921637
68,114,봉가돈까스,인천광역시 강화군 강화읍 용정리 664-1,37.7390854,126.5089219
69,116,큰이모네식당,인천광역시 강화군 선원면 냉정리 229-1,37.7112968,126.4825887
70,118,원두막,인천광역시,37.6345733,126.4924288
71,119,전민규의황제누룽지탕(계양점),인천광역시 계양구 계산동 1082-2,37.534673,126.737133
72,120,누룩골계양점,인천광역시 계양구 경명대로 954,37.5443412,126.7126246
73,121,가든파티 계양점,인천광역시 계양구 경명대로 977,37.544598,126.7154767
74,122,경복궁 계산점,인천광역시 계양구 계산동 1083-6 나동,37.534352,126.73757
75,123,경복궁불고기 계산점,인천광역시 계양구 작전동 910-2,37.53234,126.737966
76,124,쭈꾸미본부,인천광역시 계양구 계산3동 1065-1,37.540257,126.7340109
77,125,삿뽀로 계산점,인천광역시 계양구 도두리로 31,37.5341197,126.7376788
78,126,라라코스트 계양점,인천광역시 계양구 장제로 768 K&T빌딩 3층,37.5362865,126.7346268
79,127,계산복집,인천광역시 계양구 계산새로 25,37.538081,126.7308117
80,128,우리동네맛코다리,인천광역시 계양구 계산3동 57-13,37.5381277,126.7303798
81,129,신선설농탕 작전점,인천광역시 계양구 작전동 계양대로 63,37.529403,126.7221861
82,130,산참치,인천광역시 계양구 계양2동 계양산로 195,37.5476717,126.7376324
83,131,동해막국수,인천광역시 계양구 계양1동 학고개길 15-29,37.5778587,126.7199331
84,132,금문도,인천광역시 계양구 작전1동 효서로 268,37.5277936,126.7257524
85,133,쿠우쿠우 인천계양점,인천광역시 계양구 계산새로 93 10층,37.5380794,126.7385397
86,134,백암왕순대,인천광역시 계양구 계산동 947-1,37.5426136,126.7279259
87,135,계양칼국수,인천광역시 계양구 서운동 108-31,37.5356919,126.7445915
88,136,소담한정식,인천광역시 계양구 박촌동 287-14,37.541145,126.759214
89,137,샤르또르고기해물부페,인천광역시 계양구 계산2동 920-10,37.543644,126.7273
90,138,성원닭갈비 계산점,인천광역시 계양구 1080-8 성림프라자 3층,37.535657,126.737916
91,139,청양골매운갈비찜,인천광역시 계양구 계산동 1081-10,37.5358954,126.736855
92,140,두부랑현미랑,인천광역시 계양구 다남로85번길 23 두부랑현미랑,37.5695665,126.7312183
93,141,한신포차계양구청점,인천광역시 계양구 도두리로 25,37.5340809,126.7370612
94,142,박촌갈비,인천광역시 계양구 박촌동 12-1,37.5583419,126.7459681
95,143,옥돌정쌈밥,인천광역시 계양구 계산동 주부토로 569,37.5450295,126.7283541
96,144,청실홍실 계양직영점,인천광역시 계양구 용종동 210-1,37.5387761,126.7375821
97,145,강한남자족발,인천광역시 계양구 계산동,37.5376163,126.723234
98,146,꽃부리식탁,인천광역시 계양구 경명대로1079번길 4 A동 104호,37.5438431,126.7269804
99,147,황소고집돌곱창1관,인천광역시 계양구 작전동 869-24,37.52816,126.7262398
100,148,토박이,인천광역시 계양구 작전동 866-33,37.5290398,126.7235907
101,149,고구려짬뽕10101 인천계양점,인천광역시 계양구 벌말로551번길 1,37.5777722,126.777805
102,150,해촌,인천광역시 계양구 용종동 225-6,37.542427,126.7429815
103,151,하야로비,인천광역시 계양구 다남동 114-39,37.5641695,126.7245499
104,152,청산별곡 계양점,인천광역시 계양구 장제로 768 K&T빌딩 2층,37.5362528,126.7346693
105,153,은화수식당 인천계양구청점,인천광역시 계양구 계산4동 계산새로87번길 5,37.5384943,126.7375167
106,154,굴따세,인천광역시 계양구 계산동 880,37.5427833,126.7285779
107,155,비바하우스(VIVAHOUSE),인천광역시 계양구 장제로 708 한샘프라자 2층,37.5309068,126.7341268
108,156,유래초밥,인천광역시 계양구 계산1동 계산로 130,37.5371166,126.7266019
109,157,로즈스텔라정원,인천광역시 계양구 계양1동 다남로143번길 12,37.5701194,126.7234627
110,158,계절향기,인천광역시 계양구 계양문화로 21 유니온빌딩 2층 202호,37.5326213,126.7359831
111,159,닥꼼 본점,인천광역시 계양구 어사대로 11,37.5421804,126.7247732
112,160,뉴욕바닷가재 계양점,인천광역시 계양구 용종동 217-3,37.5437834,126.744243
113,161,버거킹 인천계양구청점,인천광역시 계양구 장제로 804,37.5394417,126.7349481
114,162,훈장골 계양점,인천광역시 계양구 오조산로 15,37.5321645,126.7379708
115,163,계양산에너네집,인천광역시 계양구 방축동 66-1,37.5538835,126.7351785
116,164,원할머니보쌈족발 계산점,인천광역시 계양구 계산동 1076-7,37.5358027,126.7364232
117,165,숲속의연못,인천광역시 계양구 방축동 91-1,37.5521052,126.7346627
118,166,청정그린쌈밥집,인천광역시 계양구 계산동 977-2,37.5422507,126.719697
119,167,풍천장어,인천광역시 계양구 다남동 100-36,37.5708333,126.7308333
120,168,수차돈부리,인천광역시 계양구 계산새로 71 D동 118호,37.5385057,126.7357848
121,169,미스사이공,인천광역시 계양구 용종동 계산새로 89,37.5381182,126.7380707
122,170,백암왕순대본점,인천광역시 계양구 용종동 210-4,37.5388938,126.7370997
123,171,소대장,인천광역시 계양구 계산1동 계산천동로 27,37.5380556,126.7252866
124,172,고메돈까스,인천광역시 계양구 박촌동 125-7,37.5535726,126.748189
125,173,이학갈비,인천광역시 계양구 계산3동 319-14,37.5375376,126.7282292
126,174,도영손두부,인천광역시 계양구 계산2동 주부토로 581,37.5461125,126.7285026
127,175,등촌샤브칼국수,인천광역시 계양구 계산동 1080-6,37.5353596,126.7377619
128,176,약선삼계탕,인천광역시 계양구 계산동 1080-5,37.5351426,126.7377803
129,177,인천 계양구 용종동 국수골목,인천광역시 계양구 용종동 210-1,37.5387761,126.7375821
130,178,계양 명가 부대찌개,인천광역시 계양구 계산4동 계산새로 85 202호호,37.5381539,126.7375281
131,179,망향비빔국수 계양점,인천광역시 계양구 경명대로 1102-1,37.5428874,126.7292965
132,180,스시화,인천광역시 계양구 210-1 태영프라자 304호,37.5386871,126.7376767
133,181,명게원간장게장,인천광역시 계양구 계산새로87번길 15 1층 104호,37.5393409,126.7376332
134,182,이정혁 계양 동태탕 동태찜,인천광역시,37.5358923,126.7372755
135,183,풍천민물장어이억집,박촌동 3-2번지 1층 계양구 인천광역시 KR,37.5607258,126.7445204
136,184,현미순두부,계산동 61-3번지 2층 계양구 인천광역시 KR,37.5381582,126.7311215
137,185,김재국만두전문점,인천광역시 계양구 계산동 주부토로 530,37.5413401,126.7284843
138,186,소담촌계양구청점,인천광역시 계양구 계양문화로 54 2층,37.5354497,126.7368371
139,187,물꽁오리,인천광역시 계양구 계산동 964-57,37.5374191,126.7277486
140,188,정가옥설렁탕&갈비탕,인천광역시 계양구 계산1동 경명대로 1026 1 3층,37.5432774,126.7206256
141,189,고반식당 계양구청점,인천광역시 계양구 계산동 1074-2 고반식당 1층,37.5362697,126.7349055
142,190,밀밭길,인천광역시 계양구 용종동 216-3,37.5434223,126.7430487
143,191,바다애참치,인천광역시 계양구 계산4동 오조산로89번길 6,37.5390122,126.7380777
144,192,계양산맛집이야기,인천광역시 계양구 주부토로 565,37.5446422,126.728395
145,193,벌말매운탕,인천광역시,37.578669,126.778239
146,194,어리버리 소머리국밥,인천광역시,37.5393115,126.7352422
147,195,다온황제해물문어보쌈 계산점,인천광역시 계양구 계산동 1074-5 대주프라자 2층,37.535567,126.7348336
148,196,동백별관,"인천광역시 계양구 장제로 714 104,105호",37.5313254,126.7342227
149,197,계양쌈밥전문점,인천광역시 계양구 계산동 1080-7,37.5355579,126.7378502
150,198,옛날돼지국밥,계산동 964-25번지 계양구 인천광역시 KR,37.537678,126.7268572
151,199,대향원,인천광역시 계양구 계산4동 오조산로45번길 11,37.5348306,126.7371678
152,200,계양산칡냉면,인천광역시 계양구 임학동 25-26,37.546082,126.7374476
153,201,엄마손맛집,인천광역시 계양구 작전동 봉오대로686번길 16,37.5285159,126.7249708
154,202,용우동,인천광역시 계양구 용종동 209-4,37.5396449,126.737216
155,203,가빈,인천광역시 계양구 계산2동 898-8,37.5475761,126.7226081
156,204,메밀하우스&돈까스,인천광역시 계양구 계양산로 198 1층,37.5473633,126.7378798
157,205,Eat's Italian fusion restaurant,인천광역시 계양구 계산동 1080-8,37.5357984,126.7377586
158,206,밤나무골,인천광역시 계양구 귤현동,37.565456,126.7382379
159,207,숟가락식당,인천광역시 계양구 어사대로41번길 21,37.5423438,126.7276423
160,208,다남식당,인천광역시 계양구 다남동 102-4,37.5705021,126.7302159
161,209,예원,인천광역시 계양구 계양2동 211-7,37.5385995,126.7380744
162,210,백소정 계양구청점,"인천광역시 계양구 오조산로89번길 9 1층 108, 109호",37.5387761,126.7375821
163,211,시골순두부,인천광역시 계양구 계산동 계산새로65번길 13,37.5393115,126.7352422
164,212,무한낙지,인천광역시 계양구 봉오대로 685 무한낙지 가나빌딩 1층,37.5309457,126.7252035
165,213,썬바위박촌칼국수,인천광역시 계양구 박촌동 165-2,37.554654,126.7492769
166,214,신교령사골순대국,인천광역시 계양구 계양1동 38-18,37.5821054,126.7810578
167,215,기쁜샘골,인천광역시 계양구 계산동 1063-3,37.5393115,126.7352422
168,216,용해루,인천광역시 계양구 까치말로 22 101호 1층,37.5275606,126.7363491
169,217,그 옛날 맛집,인천광역시 계양구 임학동 병방시장로 40-1,37.5478768,126.7362233
170,218,산오징어양푼무침,인천광역시 계양구 계산동 18-16,37.5426527,126.7339239
171,219,향원정,인천광역시 계양구 오류동 장제로 1362,37.5815411,126.7282605
172,220,lalakitchen 라라식당,인천광역시 계양구 계양2동 임학동 46-50번지 1층 일부,37.5441068,126.7334067
173,221,정남진민물장어,인천광역시 계양구 박촌동 25-29,37.5578145,126.744835
174,222,염박사정육식당&갈비탕,인천광역시 계양구 계산2동 919,37.5435887,126.7288001
175,223,사또족발,인천광역시 계양구 계산동 1081-4,37.5352691,126.737368
176,224,동촌,인천광역시 계양구 계산2동 900-5,37.5475991,126.7245213
177,225,옹심이메밀칼국수,인천광역시 계양구 계양2동 65-4,37.5447833,126.7361006
178,226,장기리추어탕,인천광역시 계양구 계양1동 153-2,37.5768967,126.7366486
179,227,용종동초가집,인천광역시 계양구 용종동 217-6,37.5438668,126.7447152
180,228,파파존스 인천계양점,인천광역시 계양구 계양문화로 119,37.541492,126.7387419
181,229,소담국수,인천광역시 계양구 계산2동 경명대로 1063,37.5436976,126.7250936
182,230,산그리메,인천광역시 계양구 방축동 16,37.5531383,126.7386685
183,231,선농옥,인천광역시 계양1동 풍림아이원,37.5573393,126.7456843
184,232,차돌풍,계산동 1082-7번지 103호 RISEVILL 계양구 인천광역시 KR,37.5345187,126.736725
185,233,갈비창고1981,인천광역시 계양구 장제로875번길 7,37.5454191,126.7378967
186,234,옛날떡볶이,인천광역시 계양구 임학동 46-38,37.544472,126.7330831
187,235,신선수제돈까스,인천광역시 계양구 임학동 장제로 881,37.5455197,126.7388298
188,236,소왔쏘,인천광역시 계양구 임학동 67번지 1층,37.5452471,126.7370566
189,237,천주채관,인천광역시,37.5340623,126.7380772
190,238,맷돌로만,인천광역시,37.5476842,126.7300774
191,239,부암갈비,인천광역시 남동구 용천로 149,37.4629849,126.7142983
192,240,로로김밥,인천광역시,37.4521893,126.7263749
193,241,곤드레밥집,인천광역시 남동구 구월동 1148-1,37.4494464,126.7063262
194,242,육해공생칼국수,인천광역시 남동구 성리로 59 1층,37.4479312,126.7087126
195,243,전복촌,인천광역시 남동구 구월동 예술로204번길 1 35 해인빌딩1층,37.4524639,126.7037109
196,244,파니노구스토,인천광역시 남동구 구월동 인하로507번길 14,37.4437999,126.7032253
197,245,초심 본점,인천광역시 남동구 만수1동 957-12,37.4535165,126.7332744
198,246,공단떡볶이,인천광역시 남동구 남동서로 226,37.4093794,126.693883
199,247,삼만시두부집,인천광역시 남동구 구월로115번길 22,37.4577254,126.7032381
200,248,착한식당 착한게장,인천광역시 남동구 간석동 남동대로 924,37.4648641,126.7084853
201,249,영월애곤드레 인천본점,인천광역시 남동구 수산동 199,37.4388212,126.7182644
202,250,황금풍천장어,인천광역시 남동구 구월1동 1199,37.4527164,126.7083992
203,251,경복궁 구월점,인천광역시 남동구 구월동 1128-3,37.4503214,126.7028822
204,252,사도시,A동 중앙프라자 KR 인천광역시 남동구 예술로 206 구월 2층,37.4523955,126.7017382
205,253,이당 비스트로 Yidang Bistro,인천광역시 남동구 수산동 136-2,37.4361925,126.7235214
206,254,등촌샤브칼국수,인천광역시 남동구 인하로489번길 10,37.4439785,126.701274
207,255,인천집,인천광역시 남동구 구월3동 1367-12,37.4473778,126.698889
208,256,간석동맛집,인천광역시 남동구 간석4동 750-5,37.4665143,126.7006661
209,257,작은식당우,인천광역시 남동구 구월3동 문화서로46번길 38,37.4490356,126.6984595
210,258,삼화정,인천광역시 남동구 간석3동 176-5,37.4645147,126.7089709
211,259,옹기꽃게장,인천광역시 남동구 도림동 도림북로16번길 31,37.4246933,126.7329443
212,260,명동보리밥,인천광역시 남동구 예술로 220,37.4535159,126.7019441
213,262,별삼겹,인천광역시 KR 선수촌공원로55번길 11-6 KR 인천광역시 남동구 구월동 1493-4번지 1층 구월동 4동 5호 남동구,37.443775,126.709253
214,264,마초쉐프 구월점,인천광역시 남동구 구월동 성말로13번길 15,37.4463271,126.7018106
215,266,유키돈까스,인천광역시 남동구 구월로 125,37.456876,126.7042983
216,268,맛있는집,인천광역시 남동구 구월동 번지 1층 1247-1 일부호,37.4605851,126.7181655
217,270,찬우물농원,인천광역시 남동구 수산동 11-5,37.4445247,126.7299024
218,272,먹거리촌,인천광역시 남동구 구월1동 1164-14,37.4452392,126.7057217
219,274,우리두리식당,인천광역시 남동구 구월동 1370-18번지 1층,37.4469693,126.6963052
220,276,일용할 양식,인천광역시 남동구 구월동 1359-7,37.4482037,126.6952666
221,278,"찜꾼 (구, 팔덕식당)",인천광역시 남동구 성말로 31 화성빌딩 1층,37.4453441,126.7039749
222,280,형제곱창,인천광역시 남동구 구월3동 1371-6,37.4467389,126.6980835
223,282,왕보따리,인천광역시 남동구 구월동 1458-1,37.4461562,126.7026603
224,284,정문숯불구이,인천광역시 남동구 비류대로762번길 21,37.4208007,126.7205261
225,286,맛집,인천광역시 연수구 청학동 527-23번지 101호,37.4264257,126.6680943
226,288,육교추어탕,인천광역시 남동구 운연동 30-1,37.4435031,126.7656722
227,290,인브스키친 구월점,인천광역시 남동구 구월동 1175-1 구암빌딩 102호,37.4434244,126.7049699
228,291,해장국집,인천광역시 동구 동산로87번길 6,37.4750635,126.6449967
229,292,문화반점,인천광역시 동구 송림동 233-3,37.4731914,126.6389796
230,293,사리원,인천광역시 동구 수문통로 62,37.4807846,126.636124
231,294,물레방아,인천광역시 동구 화수동 화수로 80-1,37.4851582,126.630612
232,295,명동칼국수,인천광역시 동구 송현동 67-6,37.478345,126.6327279
233,296,현대물텀벙,인천광역시 동구 송림동 59-19,37.4748457,126.6445324
234,297,만복분식,인천광역시 동구 송림동 50-20,37.4766691,126.6457767
235,298,진천토종순대,인천광역시 동구 송림3.5동 102-129,37.4705407,126.6495598
236,299,수문통짬뽕,인천광역시 동구 송현1.2동 수문통로 41,37.4799209,126.6341203
237,300,우순임원조할머니쭈꾸미,인천광역시 동구 만석동 54-18,37.4809947,126.6205513
238,301,송림기사식당,인천광역시 동구 송림3.5동 새천년로 28,37.4709527,126.6496059
239,302,창석주점,인천광역시 동구 송림동 55,37.4775398,126.6447268
240,303,옛골 장터골,인천광역시 동구 화평동 3-42,37.4800393,126.6325057
241,304,가을초밥,인천광역시 동구 송림6동 35-48 1층,37.4792206,126.6456018
242,305,인천게장,인천광역시 동구 금곡로81번길 22,37.4740947,126.6449092
243,306,한밭식당,인천광역시 동구 화수2동 35-20,37.4852053,126.6305335
244,307,생선구이전문점 어도,52-3 동구 인천광역시 KR,37.4731713,126.6428664
245,308,송미옥,인천광역시 동구 화도진로5번길 11-3 (금곡동),37.4732901,126.6360611
246,309,황허장,인천광역시 동구 송림3.5동 102-24,37.4707074,126.6495876
247,310,벽란식당,인천광역시 동구 화수동 285-6,37.480428,126.6292282
248,311,문성각,인천광역시 동구 송림동 8-370,37.482836,126.6496736
249,312,형제원,인천광역시 동구 송림동 55-45,37.476722,126.6441805
250,314,안면도쭈꾸미,인천광역시 동구 만석동 54-8,37.481122,126.620979
251,316,가연식당,인천광역시 동구 만석동 36-19,37.4821221,126.6209234
252,318,아족 ( 아빠족발 본점 ),인천광역시 동구 수문통로 9 1층,37.4775964,126.6318698
253,320,만두집,인천광역시 동구 송림6동,37.4773181,126.6480319
254,322,진미식당,인천광역시 동구 송현동 98-58,37.4762223,126.6335299
255,324,벌교꼬막정식,인천광역시 동구 화수동 번지 1층 8-38 다호 화수아파트,37.4848319,126.628789
256,326,송현여염집,인천광역시 동구 화수1.화평동 1-24,37.4803932,126.6331527
257,328,별미순대집,인천광역시 동구 송현동 100번지,37.4760293,126.6331863
258,330,만미갈비,인천광역시 동구 만석동 63-3,37.4815056,126.6219202
259,332,미륭각,인천광역시 동구 화수동 7-296,37.4851386,126.6292877
260,334,장강,인천광역시 동구 만석동 만석부두로 3,37.4881487,126.6220605
261,336,마마손 이야기,"2층, 45 수문통로 송현1.2동 동구 인천광역시",37.4801194,126.6343733
262,338,은혜반점,인천광역시 동구 석수로 5,37.479557,126.627748
263,340,신라반점,인천광역시 동구 금곡동 33-6,37.4728134,126.6376095
264,342,진주만두,인천광역시 동구 송림동 50,37.477267,126.645188
265,344,토마토식당,인천광역시 동구 송현3동 129,37.4870947,126.6528613
266,345,변가네옹진냉면,인천광역시 미추홀구 주안동 509-13,37.4576033,126.6770969
267,346,청실홍실,인천광역시 미추홀구 주안1동 190-8,37.4596212,126.6798069
268,347,오목골즉석메밀우동,인천광역시 미추홀구 숭의동 88-1,37.4683896,126.650851
269,348,풍전식당,인천광역시 미추홀구 남주길 5,37.4545603,126.6696009
270,349,화룽,인천광역시 미추홀구 주안1동 157-17,37.461348,126.6814181
271,350,뽀까뽀까 신볶음닭 주안점,인천광역시 미추홀구 주안중로43번길 9,37.4622222,126.6822222
272,351,고을순대국,인천광역시 미추홀구 주안3동 722-28,37.4516843,126.6716968
273,352,고이한돈,인천광역시 미추홀구 주안중로 5,37.4588827,126.6824941
274,353,청해김밥,인천광역시 미추홀구 주안동 406-34,37.4577907,126.6863054
275,354,인천맛집,주안동 92-6번지 남구 인천광역시 KR,37.4610537,126.6831037
276,355,막줄래횟집,인천광역시 미추홀구 경인로438번길 10,37.4573299,126.6885435
277,356,송도갈매기 주안,인천광역시 미추홀구 주안6동 1585-1,37.457871,126.692904
278,357,태양식당,인천광역시 미추홀구 숭의2동 164-28,37.4619306,126.6441162
279,358,경인궁,인천광역시 미추홀구 주안4동 456-7,37.4550341,126.6802119
280,359,연중반점,인천광역시 미추홀구 주안동 1542-18,37.4575061,126.6908665
281,360,대오통닭,인천광역시 미추홀구 주안동 549-3,37.4552287,126.6757779
282,361,파파,인천광역시 미추홀구 소성로185번길 17,37.4418624,126.6690016
283,362,영지숯불갈비,인천광역시 미추홀구 용현동 경인남길 86,37.4533371,126.6577328
284,363,백령면옥,인천광역시 미추홀구 석정로 226,37.4678301,126.6604011
285,364,모모라면,인천광역시 미추홀구 도화동 80-97,37.4675134,126.6543372
286,365,정든식당,인천광역시 미추홀구 용현5동 627-244,37.4500856,126.6351523
287,366,고수찜닭,인천광역시 미추홀구 용현동 193-8 1층,37.4518409,126.6562892
288,368,숭의가든,인천광역시 미추홀구 숭의동 72-2,37.4653971,126.6521507
289,370,닭살부부,인천광역시 미추홀구 용현동 186-17,37.4510929,126.6596201
290,372,송도골,인천광역시 미추홀구 용현동 능해길46번길 4,37.4586812,126.6399099
291,374,지짐보쌈정식,인천광역시 미추홀구 용현1.4동 193-9 2층,37.4517903,126.65637
292,376,동추원불고기,인천광역시 미추홀구 학익소로 67,37.4416742,126.670769
293,378,마산집,인천광역시 미추홀구 숭의동 162-17,37.4630266,126.6438269
294,380,용동할머니칼국수,인천광역시 미추홀구 주안1동 197-8,37.4596002,126.6772799
295,382,밥집,인천광역시 미추홀구 숭의동 177-1번지,37.464278,126.6485119
296,384,대호식당,인천광역시 미추홀구 주안7동 1436-31,37.4483217,126.6764745
297,386,맛조은곱창,인천광역시 미추홀구 도화동 434-1,37.459309,126.6742072
298,388,참나무집,인천광역시 미추홀구 주안7동 1297-2,37.4422161,126.6789239
299,390,영월옹심이칼국수,주안동 1482-15번지 1층 남구 인천광역시 KR,37.4515444,126.683362
300,392,가메이,인천광역시,37.4516657,126.6568299
301,394,삼일반점,숭의동 283-12번지 1층 남구 인천광역시 KR,37.4588663,126.6490479
302,396,스테이크1번가,인천광역시 미추홀구 주안1동 미추홀대로734번길 6,37.4628685,126.6807797
303,398,예향닭강정,인천광역시 미추홀구 주안7동 1341-38,37.4468456,126.677842
304,400,농원숯불왕갈비,인천광역시 미추홀구 주안1동 203-21,37.4597648,126.6781129
305,402,보화장,인천광역시 미추홀구 학익동 330-11,37.445292,126.6588209
306,404,동락반점,인천광역시,37.4605141,126.6462827
307,406,봉가네고기맛집,인천광역시 미추홀구 주안동 1342 122번지 1층,37.4462804,126.6776952
308,408,만복집,주안동 1588-4번지 1층 남구 인천광역시 KR,37.4582052,126.6926481
309,410,충남곱창,인천광역시 미추홀구 도화동 430-5,37.4594146,126.673166
310,412,대로식당,인천광역시 미추홀구 한나루로404번길 19,37.4443326,126.6647699
311,414,이모네식당,인천광역시 미추홀구 용현동 80-16,37.4497222,126.6625
312,416,왕소금주먹고기,인천광역시 미추홀구 주안동 722-25,37.4518144,126.6702399
313,418,백령냉면,인천광역시 미추홀구 낙섬중로105번길 33,37.457486,126.6397731
314,420,까사올리브,인천광역시,37.4522222,126.6541667
315,422,통큰가마솥양평해장순대국,인천광역시 미추홀구 미추홀대로669번길 75,37.4572359,126.6755945
316,424,테리토리,인천광역시 미추홀구 관교동 경원대로628번길 5,37.4396863,126.6949286
317,426,88맛집,인천광역시 미추홀구 관교동 467-5번지 1층,37.4462002,126.6919416
318,428,고려한방삼계탕,인천광역시 미추홀구 주안8동 1468-24,37.4511019,126.681537
319,430,성진물텀벙,인천광역시,37.4560425,126.6491436
320,432,길손 물텀벙,인천광역시 미추홀구 숭의동 162-67,37.4629507,126.6442495
321,434,인하 복사골 브런치,인천광역시 미추홀구 용현동 188-3,37.4511548,126.6582574
322,436,주옥이손맛집,인천광역시 미추홀구 용현동 번지 1층 558-1,37.4570687,126.6420421
323,438,공원장,인천광역시,37.457293,126.661615
324,440,최강면옥,주안동 1448-4번지 남구 인천광역시 KR,37.4491542,126.6653302
325,442,대연,인천광역시,37.4632207,126.6908087
326,444,하정식당 2호점,인천광역시 미추홀구 용현5동 621-14,37.452975,126.6364167
327,446,마포서서갈비주안역점,인천광역시 미추홀구 주안동 번지 101호 29-1 드림시티,37.4656704,126.6771967
328,448,미락초밥,인천광역시 미추홀구 용정공원로83번길 49,37.4472055,126.6479354
329,450,대왕물텀벙,인천광역시 미추홀구 숭의2동 210-13,37.4588755,126.6495046
330,452,장금수부대찌개,용현동 624-63번지 2층 남구 인천광역시 KR,37.455411,126.6356501
331,454,모모하루,"인천광역시 미추홀구 용현동 286-4 인하아리스타 2층 205, 206호",37.4478277,126.6515584
332,456,무한조개구이따조,인천광역시 미추홀구 주안로 89,37.4642821,126.6792978
333,458,라멘야 삼미당,인천광역시 미추홀구 용현1.4동 191-91,37.4514062,126.6570408
334,460,엄청난회집[숭의동],인천광역시 미추홀구 숭의동,37.459299,126.648831
335,462,부영선지국,인천광역시,37.4585144,126.6472826
336,464,은비네맛집,인천광역시 미추홀구 용현동 437 2번지,37.4537359,126.651491
337,465,모녀떡볶이 부평남부역점,인천광역시 부평구 부평동 광장로 16,37.4890195,126.7234865
338,466,오구당당 본점,인천광역시 부평구 부평1동 경원대로1377번길 47 1층,37.4934427,126.7220378
339,467,대왕김밥,인천광역시 부평구 부평1동 542-76,37.4941085,126.7218118
340,468,에픽,인천광역시 부평구 부평동 341-30,37.491552,126.7205301
341,469,더히든키친,인천광역시 부평구 부평동 신트리로22번길 15-14,37.50491,126.7243059
342,470,삼미당,인천광역시 부평구 부평5동 부평문화로72번길 10-5,37.4936104,126.724065
343,471,뉴욕반점,인천광역시 부평구 부평1동 부평대로87번길 4 3층,37.4993118,126.7215664
344,472,화미소금구이 부평본점,인천광역시 부평구 부평1동 부흥로 249-13,37.4994288,126.719307
345,473,스시애 2호점,인천광역시 부평구 부평1동 부평대로87번길 4 2층,37.4993336,126.7216465
346,474,당신과나의식탁,인천광역시 부평구 대정로36번길 23,37.495187,126.7238007
347,475,부평시장맛집,인천광역시 부평구 부평4동 222-19,37.4952859,126.7271876
348,476,해민면옥,인천광역시 부평구 부평대로38번길 4 1층,37.4946664,126.7231492
349,477,카리브 레스토랑,인천광역시 부평구 부평동 199-20,37.4934281,126.7234409
350,478,오캄,인천광역시 부평구 부평문화로79번길 19 1층,37.4950974,126.724595
351,479,부평고모네곱창,인천광역시 부평구 부평1동 부평대로71번길 11 1층,37.497756,126.721441
352,480,비하니,인천광역시 부평구 부평1동 광장로24번길 13 신성빌딩 1층,37.4901985,126.7252213
353,481,복화루,인천광역시 부평구 부평대로32번길 16,37.4943137,126.7240295
354,482,별미칡냉면,인천광역시 부평구 갈산2동 377-8,37.508164,126.7242
355,483,디기티,인천광역시 부평구 갈산동 395 3번지 1층,37.5075541,126.7280854
356,484,"그래,잇",인천광역시 부평구 부평문화로65번길 19 1층,37.494922,126.723371
357,485,원조신포닭강정 부평점,인천광역시 부평구 부평1동 534-59,37.4910216,126.7202447
358,487,한우나들이,인천광역시 부평구 부평3동 773-54,37.4887896,126.7122754
359,489,부평막국수,인천광역시 부평구 부평동 529-96,37.4974062,126.7217448
360,491,메가김밥 부평점,인천광역시 부평구 부평1동 부평대로 115 1층,37.5019185,126.7214598
361,493,께딸 QUETAL,인천광역시 부평구 부평대로40번길 6,37.494962,126.7232661
362,495,참숯짝갈비,"-dong,, 529-132 부평1동 부평구 인천광역시",37.4980892,126.7212407
363,497,그랩어비,인천광역시 부평구 부평대로40번길 4,37.4949283,126.7231198
364,499,고베규카츠 인천 부평점,인천광역시 부평구 부평5동 199-34,37.4926184,126.7236533
365,501,등갈비달인 부평역점,인천광역시 부평구 부평동 159-20,37.4916564,126.7248491
366,503,왓더포크,인천광역시 부평구 부평5동 201-111,37.4928978,126.7240794
367,505,모모네 이층집,인천광역시 부평구 부평1동 경원대로 1408,37.4910219,126.7255056
368,507,명동칼국수,인천광역시 부평구 부평1동 부평문화로 54 명동칼국수 1층,37.4938021,126.7222866
369,509,종로왕만두,인천광역시 부평구 산곡동 100-37,37.5070996,126.7035896
370,511,소문난밥상,인천광역시 부평구 부평동 378-3,37.4988386,126.729626
371,513,쿠우쿠우 부평점,인천광역시 부평구 부평1동 부흥로 264 동아웰빙타운관리단 9층,37.4983484,126.721043
372,515,샤브모아 월남쌈,인천광역시 부평구 경원대로 1415,37.491464,126.726256
373,517,벤스버거,인천광역시 부평구 부평동 10-1074,37.5052377,126.7297099
374,519,이차돌 부평역점,인천광역시 부평구 부평동 시장로 24 1층,37.4929262,126.7254596
375,521,고향 손 칼국수,인천광역시 부평구 부평4동 370-50,37.4967475,126.7248813
376,523,참새초밥 부평 본점,KR 인천광역시 부평구 KR 인천광역시 부평구 부평동 887-9번지 1층 일부호,37.505557,126.7249769
377,525,정정아식당-부평점,인천광역시 부평구 부평5동 152-16 정정아식당 2층,37.4936969,126.7262381
378,527,두툼당 부평점,인천광역시 부평구 경원대로1403번길 38-19,37.4926415,126.7262119
379,529,배가족발(냉채족발),인천광역시 부평구 청천2동 마장로 428,37.5163139,126.7044421
380,531,브레드톡,인천광역시 부평구 부평동 604-15,37.4884894,126.7256153
381,533,부평 쌀국수 맛집 꾸아 부평점,인천광역시 부평구 부평문화로72번길 20,37.49337,126.7241884
382,535,쿠치나디나폴리,인천광역시 부평구 부평문화로 50,37.4937675,126.7216915
383,537,오늘여기우리,인천광역시 부평구 부평4동 부평문화로65번길,37.4944716,126.7236308
384,539,육쌈냉면 부평점,인천광역시 부평구 부평동 부평문화로80번길 19,37.4933636,126.724861
385,541,여우식당 부평,인천광역시 부평문화로80번길 41,37.4939659,126.7250057
386,543,부평조개창고,인천광역시 부평구 부평문화로80번길 16 2층,37.4935636,126.7245724
387,545,아메리칸트레이,KR 인천광역시 부평구 부평동 201-31번지 2층 일부분,37.4940024,126.7239285
388,547,태평양 볼테기,인천광역시 부평구 부평동 529-35,37.4988734,126.7211618
389,549,박서방우동이랑짜장이랑,인천광역시 부평구 부평동 416-63,37.4984831,126.7264404
390,551,선향,인천광역시 부평구 부평대로87번길 19,37.4991192,126.7208499
391,553,칠리아웃,인천광역시 부평구 경원대로 1365,37.4913834,126.7205451
392,555,고짬뽕,인천광역시 부평구 부평동 341-212,37.4931168,126.7205612
393,557,진주만두,인천광역시 부평구 부평4동 210-9,37.4948804,126.7254457
394,559,청실홍실,인천광역시,37.498284,126.721069
395,561,닭갈비제작소,인천광역시 부평구 부평동 부평문화로 75,37.494247,126.7246999
396,563,다이닝카페 게미,인천광역시 부평구 부평1동 부흥로 253-5,37.4991025,126.719712
397,565,쉐라메르제과점,인천광역시 부평구 안남로222번길 30,37.5024545,126.7087099
398,567,아키타,인천광역시 부평구 부평동 159-17,37.4918057,126.7248217
399,569,장금수 부대찌개 부평문화의거리점,인천광역시 부평구 부평동 부평대로38번길 5,37.4948313,126.7232357
400,571,무궁화꼬치피었습니다,인천광역시 부평구 시장로30번길 26-3,37.4930396,126.7271956
401,573,오징어촌 부평점,인천광역시 부평구 부평5동 154-15,37.4928942,126.7262472
402,575,쭈대장,인천광역시 부평구 부평5동 194-19,37.492311,126.723722
403,577,권가제면소 부평점,인천광역시 부평동 203-9,37.4965601,126.7237921
404,579,부평수산,인천광역시 부평구 부평1동 529-5,37.4988996,126.721802
405,581,무한버섯나라 부평점,인천광역시 부평구 부평1동 경원대로1377번길 47,37.4935323,126.7220267
406,583,대왕포차,인천광역시 부평구 부평4동 부흥북로5번길 18,37.5023619,126.722569
407,584,희래등중화요리,인천광역시 서구 탁옥로86번길 6-1,37.5430556,126.6788889
408,585,촌장골 서구청점,인천광역시 서구 서곶로 296,37.5440322,126.6771384
409,586,정복앤아구,인천광역시 서구 심곡동 248-3,37.5429069,126.6762506
410,587,육더쿠,인천광역시 서구 심곡동 서곶로301번길 16,37.5447287,126.6748843
411,588,곤드레밥집 서구점,인천광역시 서구 서곶로 253,37.5399453,126.6761695
412,589,울어멍해장국,인천광역시 서구 심곡동 서곶로 281-1 다동 6호,37.5429069,126.6762506
413,590,달콤팩토리,인천광역시 서구 승학로 229,37.5430138,126.6724069
414,591,태백산 화로구이 인천서구점,인천광역시 서구 심곡동 서곶로315번길 26,37.5459636,126.673887
415,592,본죽 인천서구청점,인천광역시 서구 심곡동 247-9,37.5440044,126.6760552
416,593,소안의섬,인천광역시 서구 심곡동,37.5418696,126.6756636
417,594,본터,인천광역시 서구 연희동 심곡로 79,37.5421539,126.6782581
418,595,수원집갈비탕,인천광역시 서구 심곡동 303-5 1층,37.5421865,126.6770136
419,596,청라수산,인천광역시 서구 심곡동 252-3,37.5432545,126.6748054
420,597,백령면옥,인천광역시 서구 심곡동 255-6,37.5404367,126.6759639
421,598,선두주먹고기,인천광역시 서구 심곡동 283-7,37.5444145,126.6813888
422,599,원갈비,인천광역시 서구 심곡동 340-10,37.5417201,126.6702201
423,600,동남집,인천광역시 서구 심곡동 245-6,37.5445852,126.6748381
424,601,채선당플러스,인천광역시,37.5423196,126.6763459
425,602,스시분초,인천광역시 서구 심곡동 279 12번지,37.5457182,126.677947
426,603,서가네,인천광역시 서구 심곡동 245-6,37.5447491,126.6747417
427,604,집밥집,심곡동 248번지 지하 서구 인천광역시 KR,37.5434548,126.6764175
428,605,오자매생선촌,인천광역시 서구 심곡동 254-11,37.542929,126.6755668
429,606,삼대째 손두부,인천광역시 서구 심곡동 301-2,37.5419307,126.6792579
430,607,신전떡볶이 인천서구청점,인천광역시 서구 심곡동 탁옥로51번길 2,37.5440284,126.6755077
431,608,이비가짬뽕 인천본점,인천광역시 서구 서곶로 322 이비가짬뽕 인천본점,37.5463759,126.6772761
432,609,연희동함흥냉면,심곡동 302번지 한국아파트 상가 102 105호 서구 인천광역시 KR,37.5431051,126.678259
433,610,곰순네돌곱창,인천광역시 서구 연희동 탁옥로 49,37.5440352,126.675064
434,611,해오름나주곰탕,인천광역시 서구 심곡동 170,37.5392948,126.6771371
435,612,대학로족발,인천광역시 서구 심곡동 248-14,37.5435336,126.6754067
436,613,반상,인천광역시 서구 심곡동 257-14,37.5420915,126.6731239
437,614,석모도밴댕이회무침,인천광역시 서구 심곡동 248-3,37.5428379,126.6762219
438,615,돈까스하우스,인천광역시 서구 심곡동 심곡로 53,37.5422623,126.6756532
439,616,유진족발본점,인천광역시 서구 탁옥로 22,37.5438955,126.6718225
440,617,한우담,인천광역시 서구 심곡동 283-12,37.5440869,126.6816206
441,618,대청마루,인천광역시 서구 연희동 743-29,37.5485629,126.6720106
442,619,백년불고기 서구청점,인천광역시 서구 245-5번지,37.545606,126.674935
443,620,서구청화로구이,인천광역시 서구 심곡동 서곶로315번길 14-1,37.545819,126.6746277
444,621,마왕족발 인천서구청점,인천광역시 서구 서곶로 323,37.546439,126.6766429
445,622,청운해물아구전문점,인천광역시 서구 서곶로315번길 17,37.5454778,126.6746188
446,623,두찜 인천서구청점,"인천광역시 서구 3, 1동 탁옥로51번길",37.5442308,126.6750775
447,624,육대장 서구청점,인천광역시 서구 심곡동,37.5461242,126.6748697
448,625,청량골,인천광역시 서구 서곶로 242-33,37.5375202,126.6802604
449,626,싱싱꽃게랑아구,인천광역시 서구 심곡동 295,37.5434478,126.680704
450,627,홍원훠궈,인천광역시 서구 심곡동 280-4,37.5439199,126.6775236
451,628,불타는명태조림서구청점,인천광역시 서구 심곡동 240-7,37.5459144,126.6747988
452,629,백지연식당,심곡동 295-5번지 상가 103호 풍천프라자 서구 인천광역시 KR,37.5432225,126.6816441
453,630,국수궁전,인천광역시 서구 연희동 심곡로 165,37.5476984,126.6816373
454,631,명동보리밥,인천광역시 서구 심곡동,37.5419307,126.6792579
455,632,성원닭갈비,인천광역시,37.5440322,126.6750553
456,633,솥뚜껑 의정부 돌솥부대찌게,인천광역시 서구 심곡동 301-1,37.5422825,126.6795549
457,634,인천 심곡동 염소탕 맛집 가시골염소마을,인천광역시 서구 심곡로55번길 6,37.5426024,126.6760953
458,635,광화문빈대떡,인천광역시 서구 심곡동 탁옥로33번길 23,37.5461298,126.6732135
459,636,고기스타,인천광역시,37.5439503,126.6775403
460,637,조마루감자탕,인천광역시 서구 심곡동 247-1,37.5443419,126.6757387
461,638,고창수산,인천광역시 서구 심곡동 296-3,37.542136,126.6802303
462,639,오가네,인천광역시 서구 심곡동 286-5,37.5450308,126.6823882
463,640,제주왕삼육,인천광역시 서구 심곡동 246-6,37.5442308,126.6750775
464,641,수지본동태탕,인천광역시 서구 심곡동 238-2,37.5464333,126.6745359
465,642,본가닭발집,인천광역시 서구 심곡동 242-14,37.5456708,126.6731666
466,643,토성오리,심곡동 294-2번지 1층 서구 인천광역시 KR,37.5423623,126.6815265
467,644,화계촌누룽지통닭구이전문점,인천광역시 서구 심곡동 239-10,37.546458,126.6763451
468,645,삼원부대찌개,인천광역시 서구 심곡동 239,37.5469368,126.6763785
469,646,어반찜식당,인천광역시 서구 심곡동 304-6번지 1층,37.5413338,126.6773817
470,647,월출산흑염소탕추어탕,인천광역시 서구 심곡동 서곶로315번길 17,37.5455026,126.6746329
471,648,삼천리 양꼬치,인천광역시 서구 탁옥로 104,37.543384,126.6810248
472,649,정가네막회,인천광역시 서구 심곡동 290,37.5444677,126.6820745
473,650,동춘사골순대국,인천광역시,37.545969,126.674447
474,651,왕빈자삼파전,인천광역시 서구 심곡동 254번지 1층,37.5432788,126.6755877
475,652,굴세상,인천광역시 서구 심곡동 254-6,37.5423379,126.6753331
476,653,도미노피자 인천연희점,인천광역시 서구 심곡동 298-2,37.5435323,126.6794438
477,654,너의샐러드,인천광역시 서구 승학로 244 제스트빌 103호,37.5442309,126.6728347
478,655,가좌동진천토종순대 청라점,인천광역시 서구 담지로104번길 17 1 11층,37.5383484,126.6610032
479,656,낙지한마당,인천광역시,37.5459486,126.6752497
480,657,장수골,인천광역시 서구 심곡동 344-9,37.5401993,126.6725001
481,658,미도방만두,인천광역시 서구 연희동 686-13,37.5492543,126.6767132
482,659,제주도야지,인천광역시,37.5455351,126.6748779
483,660,맘스터치 인천서구청점,인천광역시 서구 심곡동 247-11,37.5440284,126.6755077
484,661,고향마을,인천광역시 서구 심곡동 283-8,37.5444421,126.6816381
485,662,추오정남원추어탕,심곡동 294-1번지 서구 인천광역시 KR,37.5424988,126.6818149
486,663,논닭숯불닭갈비,심곡동 247-11번지 1층 1호 서구 인천광역시 KR,37.5440284,126.6755077
487,664,나무꾼이야기,인천광역시,37.5443131,126.6759067
488,665,보드람치킨 서구청점,인천광역시 서구 심곡동 337-6,37.5424212,126.6720001
489,666,양마니순대곱창,심곡동 258-1번지 102호 서구 인천광역시 KR,37.54155,126.672725
490,667,해미루,인천광역시 서구 연희동 811-1,37.5287578,126.6551113
491,668,명태덕장,심곡동 340-2번지 심곡동 1층 서구 인천광역시 KR,37.5417918,126.6700253
492,669,산해관,인천광역시 서구 담지로86번길 16-62,37.5375729,126.6621564
493,670,청천올갱이해장국,심곡동 242-11번지 1층 105호 서구 인천광역시 KR,37.5448637,126.6731822
494,671,신차이나 포차,인천광역시 서구 심곡동 240-7,37.5459144,126.6747988
495,672,도참치,심곡동 251-14번지 1층 서구 인천광역시 KR,37.5423505,126.6737049
496,673,콩세알한식,심곡동 294번지 1층 일부 서구 인천광역시 KR,37.5429439,126.6820405
497,674,설빙 인천서구청점,인천광역시 서구 탁옥로 31 태영프라자 201호,37.5440804,126.673002
498,675,다미복,인천광역시 서구 심곡동 293 8번지 2층,37.5423231,126.6821337
499,676,청라어보,인천광역시 서구 중봉대로586번길 9-23,37.532659,126.6523242
500,677,공촌해장국,인천광역시 서구 공촌동 307-12,37.5516446,126.6866276
501,678,브라더차이나,인천광역시,37.5438068,126.6814615
502,679,해촌,심곡동 243-8번지 2층 서구 인천광역시 KR,37.5455942,126.6752446
503,680,원조팥죽팥칼국수,심곡동 241-7번지 서구 인천광역시 KR,37.5459267,126.6732426
504,681,어푸키친,인천광역시 서구 심곡동 333 9번지 2층,37.5442583,126.6724672
505,682,탑수산,인천광역시 서구 연희동 747-4번지 정원베스트빌 1동 301호,37.5475494,126.6733247
506,683,고향미추홀한정식,심곡동 251-6번지 1층 서구 인천광역시 KR,37.5430349,126.6731275
507,684,갯마을,인천광역시 서구 담지로86번길 5-43,37.5489758,126.678194
508,685,연희네야채곱창,인천광역시,37.5478679,126.6763304
509,686,구수옥,인천광역시 서구 중봉대로586번길 9-23,37.5326313,126.6525281
510,687,롯데리아 인천연희D/T점,인천광역시 서구 심곡동 248-1,37.5432545,126.6764163
511,688,하루야마,인천광역시 서구,37.5339219,126.6528633
512,689,궁중토속삼계탕,인천광역시 서구 심곡동 246,37.5441113,126.6736572
513,690,아리오돌뼈신닭발,연희동 687-19번지 1층 서구 인천광역시 KR,37.54872,126.6763062
514,691,명가낙지마당,인천광역시,37.542619,126.6728395
515,692,맥도날드 연희DT점,인천광역시 서구 서곶로 265,37.541477,126.6763053
516,693,캐제,인천광역시 서구 담지로86번길 5-21,37.5381148,126.6611867
517,694,마포깡통구이,인천광역시 서구 연희동 726-3,37.5509811,126.6731615
518,695,안동잔치국수,인천광역시 서구 공촌동 308,37.5517465,126.6842063
519,696,마포식당,연희동 806-5번지 1층 서구 인천광역시 KR,37.5294631,126.6562505
520,697,통영굴밥,심곡동 243-7번지 서구 인천광역시 KR,37.5455932,126.6750806
521,698,궁전쌈밥,인천광역시,37.5476346,126.6741674
522,699,청라왕아구,인천광역시 서구 청라동 187-5,37.5290284,126.6540002
523,700,청라식당,연희동 746-14번지 서구 인천광역시 KR,37.5472879,126.671461
524,701,빨간염소,심곡동 301-10번지 1층 서구 인천광역시 KR,37.5422513,126.6778849
525,702,옛날한우국밥,심곡동 284-1번지 1층 1호 서구 인천광역시 KR,37.5445068,126.6811334
526,703,연락골고추장추어탕,인천광역시 서구 경서로 27,37.554978,126.6540405
527,704,명월집,인천광역시 중구 중앙동3가 4-46,37.4720075,126.6228517
528,705,일미정,인천광역시 중구 중앙동4가 2-14,37.4709209,126.6243574
529,706,대전집,인천광역시 중구 신포동 17-14,37.4707347,126.6270898
530,707,향원,인천광역시 중구 중앙동4가 2-23,37.4708095,126.6240075
531,708,노을밥상,인천광역시 중구 자유공원남로 13,37.4744664,126.6213765
532,709,다복집,인천광역시 중구 신포동 12-17,37.4709112,126.6269676
533,710,금촌집,인천광역시 중구 인현동 25,37.4738662,126.6309511
534,711,덕적식당,인천광역시 중구 신포동 24-1,37.4713656,126.626955
535,712,진흥각,인천광역시 중구 중앙동4가 6-2,37.4716599,126.6239097
536,713,곡가,인천광역시 중구 관동1가 12-2,37.473821,126.6208573
537,714,신성루,인천광역시 중구 신생동 9-12,37.4697384,126.6264139
538,715,선미정,인천광역시 중구 사동 23-12,37.4689045,126.6264461
539,716,혜빈장,인천광역시 중구 송월동2가 1,37.4803392,126.6205179
540,717,십리향,인천광역시 중구 북성동2가 10-26,37.475097,126.6187887
541,718,메콩사롱,인천광역시 중구 참외전로158번길 14,37.4722675,126.6331686
542,719,일조용,인천광역시 중구 신포동 신포로23번길 83 일조용,37.4730836,126.6208883
543,720,이화찹쌀순대,인천광역시 중구 인중로26번길 25,37.4642358,126.640422
544,721,도래순,인천광역시 중구 해안동2가 6-5,37.4724335,126.6211614
545,722,신승반점(新勝飯店),인천광역시 중구 차이나타운로44번길 31-3,37.4754175,126.6178343
546,723,중앙옥,인천광역시 중구 중앙동3가 4-34,37.4715376,126.6227953
547,724,동방식당,인천광역시 중구 항동1가 2-24,37.473732,126.6164396
548,725,만다복,인천광역시 중구 북성동2가 차이나타운로 36,37.4760811,126.6192658
549,727,중화방 인천점,인천광역시 중구 신포동 신포로27번길 43,37.4724617,126.6230123
550,729,경인면옥,인천광역시 중구 내동 154,37.4724924,126.6281867
551,731,담쟁이넝쿨,인천광역시 중구 자유공원남로 12,37.4743916,126.6216742
552,733,철이네손수제비랑칼국수,인천광역시 중구 답동 인중로144번길 71-1,37.4683569,126.6301176
553,735,스시민,인천광역시 중구 신포동 제물량로166번길 24,37.4710562,126.6261988
554,737,구운몽,인천광역시 중구 송학동3가 7-30,37.4722025,126.6254406
555,739,우정일식,인천광역시 중구 신포로27번길 57,37.4727277,126.6222916
556,741,하늘채,인천광역시 중구 신포로39번길 4 1층,37.4725693,126.6258021
557,743,인천집,인천광역시 중구 전동 19-24,37.475484,126.628784
558,745,연평도식당,인천광역시 중구 사동 18-31,37.4697966,126.6253773
559,747,고향정,인천광역시 중구 신포동 30-2,37.4711903,126.6256166
560,749,국수평천하인천본점,인천광역시 중구 중앙동4가 7-5번지 1층,37.4718663,126.6239851
561,751,개항로통닭,인천광역시 중구 동인천동 84-1,37.4728901,126.6345738
562,753,씨싸이드경양식,인천광역시 중구 신포로 25-2,37.4713101,126.6248963
563,755,비스트로 쉐프,인천광역시 중구 신포동 65-1,37.4717539,126.6256261
564,757,백야 갈비해장국,인천광역시 중구 관동2가 2-5,37.472309,126.6236299
565,759,라파미글리아,인천광역시 중구 신흥동2가 40-16,37.4667549,126.6342132
566,761,온센텐동 신포,인천광역시 중구 신포로35번길 22,37.4726447,126.6247588
567,763,부안기사식당,인천광역시 중구 항동1가 제물량로 245,37.4735955,126.6178226
568,765,제이콥스 핏제리아,인천광역시 중구 신포동 11-1,37.4711412,126.6264351
569,767,삼강옥,인천광역시 중구 참외전로158번길 1,37.4730284,126.634066
570,769,경남횟집,인천광역시 중구 신포동 9-16,37.4713183,126.6267496
